{
    "name": "root",
    "metadata": {
        "timer_format_version": "0.1.0",
        "start_time_seconds": "1728273320",
        "python_version": "3.7.0 (v3.7.0:1bf9cc5093, Jun 27 2018, 04:59:51) [MSC v.1914 64 bit (AMD64)]",
        "command_line_arguments": "C:\\Users\\rmarr\\Documents\\mlagents\\learn-copy.py C:\\Users\\rmarr\\Documents\\visibility-game\\Assets\\ryan_was_here\\config\\breadcrumb-exercise.yaml --force",
        "mlagents_version": "0.29.0",
        "mlagents_envs_version": "0.28.0",
        "communication_protocol_version": "1.5.0",
        "pytorch_version": "1.7.0+cpu",
        "numpy_version": "1.21.6",
        "end_time_seconds": "1728273364"
    },
    "total": 43.8424969,
    "count": 1,
    "self": 0.016680199999996148,
    "children": {
        "run_training.setup": {
            "total": 0.4460953000000001,
            "count": 1,
            "self": 0.4460953000000001
        },
        "TrainerController.start_learning": {
            "total": 43.3797214,
            "count": 1,
            "self": 0.33282769999989625,
            "children": {
                "TrainerController._reset_env": {
                    "total": 5.626218500000001,
                    "count": 1,
                    "self": 5.626218500000001
                },
                "TrainerController.advance": {
                    "total": 37.29219570000011,
                    "count": 6117,
                    "self": 0.29799980000024107,
                    "children": {
                        "env_step": {
                            "total": 32.203968999999816,
                            "count": 6117,
                            "self": 25.754160000000002,
                            "children": {
                                "SubprocessEnvManager._take_step": {
                                    "total": 6.271863800000075,
                                    "count": 6117,
                                    "self": 0.4393310000003563,
                                    "children": {
                                        "TorchPolicy.evaluate": {
                                            "total": 5.8325327999997185,
                                            "count": 6117,
                                            "self": 1.5728886999999432,
                                            "children": {
                                                "TorchPolicy.sample_actions": {
                                                    "total": 4.259644099999775,
                                                    "count": 6117,
                                                    "self": 4.259644099999775
                                                }
                                            }
                                        }
                                    }
                                },
                                "workers": {
                                    