{
    "name": "root",
    "metadata": {
        "timer_format_version": "0.1.0",
        "start_time_seconds": "1727851137",
        "python_version": "3.7.0 (v3.7.0:1bf9cc5093, Jun 27 2018, 04:59:51) [MSC v.1914 64 bit (AMD64)]",
        "command_line_arguments": "C:\\Users\\rmarr\\Documents\\mlagents\\learn-copy.py C:\\Users\\rmarr\\Documents\\visibility-game\\Assets\\ryan_was_here\\config\\hide-and-seek-sac.yaml --force",
        "mlagents_version": "0.29.0",
        "mlagents_envs_version": "0.28.0",
        "communication_protocol_version": "1.5.0",
        "pytorch_version": "1.7.0+cpu",
        "numpy_version": "1.21.6",
        "end_time_seconds": "1727851684"
    },
    "total": 546.7662162,
    "count": 1,
    "self": 0.02722500000004402,
    "children": {
        "run_training.setup": {
            "total": 0.4730340000000002,
            "count": 1,
            "self": 0.4730340000000002
        },
        "TrainerController.start_learning": {
            "total": 546.2659572,
            "count": 1,
            "self": 0.018260200000440818,
            "children": {
                "TrainerController._reset_env": {
                    "total": 6.377575600000001,
                    "count": 1,
                    "self": 6.377575600000001
                },
                "TrainerController.advance": {
                    "total": 539.7018414999995,
                    "count": 256,
                    "self": 0.018697499999461797,
                    "children": {
                        "env_step": {
                            "total": 4.051028700000133,
                            "count": 256,
                            "self": 3.4558864999997496,
                            "children": {
                                "SubprocessEnvManager._take_step": {
                                    "total": 0.5873855000003658,
                                    "count": 256,
                                    "self": 0.04742650000091331,
                                    "children": {
                                        "TorchPolicy.evaluate": {
                                            "total": 0.5399589999994525,
                                            "count": 512,
                                            "self": 0.13069929999956997,
                                            "children": {
                                                "TorchPolicy.sample_actions": {
                                                    "total": 0.40925969999988254,
                                                    "count": 512,
                                                    "self": 0.40925969999988254
                                                }
                                            }
                                        }
                                    }
                                },
                                "workers": {
                                    "total": 0.007756700000017602,
                                    "count": 256,
                                    "self": 0.0,
                                    "children": {
                                        "worker_root": {
                                            "total": 420.1042777999999,
                                            "count": 256,
                                            "is_parallel": true,
                                            "self": 417.6827585999998,
                                            "children": {
                                                "steps_from_proto": {
                                                    "total": 0.0012740999999998337,
                                                    "count": 2,
                                                    "is_parallel": true,
                                                    "self": 0.0007548999999995587,
                                                    "children": {
                                                        "_process_rank_one_or_two_observation": {
                                                            "total": 0.000519200000000275,
                                                            "count": 4,
                                                            "is_parallel": true,
                                                            "self": 0.000519200000000275
                                                        }
                                                    }
                                                },
                                                "UnityEnvironment.step": {
                                                    "total": 2.420245100000149,
                                                    "count": 256,
                                                    "is_parallel": true,
                                                    "self": 0.06846669999992994,
                                                    "children": {
                                                        "UnityEnvironment._generate_step_input": {
                                                            "total": 0.1467713999999063,
                                                            "count": 256,
                                                            "is_parallel": true,
                                                            "self": 0.1467713999999063
                                                        },
                                                        "communicator.exchange": {
                                                            "total": 1.959137099999963,
                                                            "count": 256,
                                                            "is_parallel": true,
                                                            "self": 1.959137099999963
                                                        },
                                                        "steps_from_proto": {
                                                            "total": 0.2458699000003497,
                                                            "count": 512,
                                                            "is_parallel": true,
                                                            "self": 0.1589851000005007,
                                                            "children": {
                                                                "_process_rank_one_or_two_observation": {
                                                                    "total": 0.086884799999849,
                                                                    "count": 1024,
                                                                    "is_parallel": true,
                                                                    "self": 0.086884799999849
                                                                }
                                                            }
                                                        }
                                                    }
                                                }
                                            }
                                        }
                                    }
                                }
                            }
                        },
                        "trainer_advance": {
                            "total": 535.6321152999999,
                            "count": 511,
                            "self": 0.059665600000471386,
                            "children": {
                                "process_trajectory": {
                                    "total": 0.5124517999994573,
                                    "count": 511,
                                    "self": 0.5124517999994573
                                },